Ticker,Price,Quarter,Qtrs,SMI,Stoch %K,Stoch %D,Stoch Avg,RSI,RSI Sig,Crossover
GDXD,35.48,2026-06-30,23,-49.52,0.04,0.04,0.04,35.17,35.22,Stoch %K > %D
CHPT,7.59,2026-06-30,28,-48.84,0.43,0.39,0.41,43.76,43.77,Stoch %K > %D
BNED,10.36,2026-06-30,44,-48.3,1.26,1.06,1.16,34.5,34.44,RSI > Signal
SPCE,6.18,2026-06-30,36,-48.15,1.32,0.8,1.06,38.79,38.41,RSI > Signal
MED,12.53,2026-06-30,81,-48.0,1.31,1.0,1.15,36.55,36.17,"Stoch %K > %D, RSI > Signal"
AGL,92.28,2026-06-30,21,-44.32,4.11,2.08,3.09,25.59,21.23,"Stoch %K > %D, RSI > Signal"
DEO,82.46,2026-06-30,81,-43.99,4.62,2.65,3.64,36.8,36.2,RSI > Signal
HPP,11.98,2026-06-30,65,-43.71,3.63,2.94,3.29,32.1,31.11,"Stoch %K > %D, RSI > Signal"
AMN,28.97,2026-06-30,81,-43.13,6.02,3.71,4.87,40.24,35.24,Stoch %K > %D
DV,9.7,2026-06-30,21,-43.12,7.28,6.94,7.11,33.49,34.25,Stoch %K > %D
TDOC,7.61,2026-06-30,45,-43.02,5.29,3.25,4.27,36.96,36.38,RSI > Signal
CLW,16.3,2026-06-30,71,-42.88,5.59,4.57,5.08,38.76,39.9,Stoch %K > %D
BBBY,6.13,2026-06-30,81,-42.67,5.23,7.21,6.22,43.18,43.09,RSI > Signal
MAGN,11.37,2026-06-30,81,-42.2,5.97,4.44,5.2,33.98,33.63,RSI > Signal
AVTR,9.12,2026-06-30,29,-41.94,5.17,5.04,5.11,40.44,41.48,Stoch %K > %D
ASPN,6.4,2026-06-30,49,-41.37,5.68,4.71,5.2,44.88,43.17,"Stoch %K > %D, RSI > Signal"
BAX,18.78,2026-06-30,81,-41.31,5.28,4.44,4.86,33.09,33.5,Stoch %K > %D
RHI,29.44,2026-06-30,81,-41.24,8.41,5.12,6.76,38.51,37.56,RSI > Signal
OEC,7.64,2026-06-30,48,-40.74,9.0,5.71,7.36,39.78,38.46,RSI > Signal
SAFE,14.97,2026-06-30,81,-40.11,3.61,2.69,3.15,38.42,37.72,"Stoch %K > %D, RSI > Signal"
CAL,14.56,2026-06-30,81,-39.63,10.0,6.42,8.21,44.05,41.06,RSI > Signal
PD,9.95,2026-06-30,29,-38.56,7.85,7.95,7.9,33.95,33.25,RSI > Signal
AI,10.77,2026-06-30,23,-38.22,5.97,12.35,9.16,21.48,21.24,RSI > Signal
PSFE,7.73,2026-06-30,23,-37.91,6.81,7.6,7.2,8.48,8.03,RSI > Signal
MEI,11.54,2026-06-30,81,-37.87,7.52,6.27,6.89,42.39,37.23,"Stoch %K > %D, RSI > Signal"
TBI,6.21,2026-06-30,81,-37.52,8.89,8.13,8.51,36.69,33.56,"Stoch %K > %D, RSI > Signal"
NSP,34.47,2026-06-30,81,-37.44,11.31,8.71,10.01,38.39,38.92,Stoch %K > %D
FUN,21.01,2026-06-30,81,-37.31,11.96,8.6,10.28,41.01,40.11,RSI > Signal
TFX,128.64,2026-06-30,81,-36.74,13.5,9.8,11.65,39.0,37.68,RSI > Signal
EAF,9.98,2026-06-30,33,-36.58,8.42,8.46,8.44,31.8,30.9,RSI > Signal
ATKR,82.81,2026-06-30,41,-35.95,13.93,11.41,12.67,51.16,46.84,"Stoch %K > %D, RSI > Signal"
SRI,7.47,2026-06-30,81,-35.71,11.44,12.5,11.97,39.79,37.08,RSI > Signal
SKLZ,9.37,2026-06-30,25,-35.15,14.27,7.15,10.71,35.73,34.88,RSI > Signal
BOC,12.88,2026-06-30,37,-35.12,7.51,6.25,6.88,44.42,43.86,"Stoch %K > %D, RSI > Signal"
GPN,75.51,2026-06-30,81,-34.84,12.28,15.12,13.7,41.47,40.77,RSI > Signal
RMAX,9.54,2026-06-30,51,-34.17,8.96,7.3,8.13,40.72,37.09,"Stoch %K > %D, RSI > Signal"
HRL,23.23,2026-06-30,81,-33.33,11.64,9.46,10.55,36.21,36.75,Stoch %K > %D
COLD,15.69,2026-06-30,34,-33.26,17.61,11.13,14.37,45.66,40.91,RSI > Signal
ACVA,6.57,2026-06-30,22,-32.37,10.14,18.52,14.33,30.58,30.43,RSI > Signal
CHE,426.41,2026-06-30,81,-32.12,11.55,12.85,12.2,47.75,47.65,RSI > Signal
CARS,10.28,2026-06-30,37,-31.78,14.79,18.05,16.42,40.61,40.24,RSI > Signal
HY,36.32,2026-06-30,55,-31.69,21.27,23.4,22.34,46.49,45.05,RSI > Signal
HOG,24.18,2026-06-30,81,-31.52,11.6,12.62,12.11,44.77,42.93,RSI > Signal
AHRT,6.81,2026-06-30,53,-31.33,17.28,15.93,16.61,44.5,41.24,"Stoch %K > %D, RSI > Signal"
S,16.55,2026-06-30,21,-31.3,14.32,13.89,14.1,36.69,34.86,"Stoch %K > %D, RSI > Signal"
OGN,13.34,2026-06-30,21,-30.44,13.41,8.71,11.06,43.12,35.44,"Stoch %K > %D, RSI > Signal"
HUM,305.42,2026-06-30,81,-30.37,19.09,14.46,16.77,49.25,41.14,"Stoch %K > %D, RSI > Signal"
JHX,23.28,2026-06-30,81,-29.9,16.71,15.83,16.27,49.02,47.45,"Stoch %K > %D, RSI > Signal"
MMI,28.24,2026-06-30,51,-29.81,14.09,11.92,13.01,47.24,46.94,"Stoch %K > %D, RSI > Signal"
KMX,44.62,2026-06-30,81,-28.74,17.71,13.3,15.51,39.77,39.84,Stoch %K > %D
STG,6.14,2026-06-30,34,-28.71,18.56,24.74,21.65,28.47,26.11,RSI > Signal
WFG,68.82,2026-06-30,70,-27.54,18.17,16.38,17.27,50.8,49.81,"Stoch %K > %D, RSI > Signal"
KFRC,46.99,2026-06-30,81,-26.33,26.04,15.62,20.83,52.58,42.63,"Stoch %K > %D, RSI > Signal"
WY,24.51,2026-06-30,81,-25.35,25.18,18.98,22.08,47.37,47.02,RSI > Signal
DECK,113.85,2026-06-30,81,-25.27,31.29,32.99,32.14,56.52,54.36,RSI > Signal
HRI,133.0,2026-06-30,79,-25.23,26.33,27.64,26.99,53.12,52.29,RSI > Signal
AIN,64.69,2026-06-30,81,-25.19,21.69,15.82,18.75,48.07,43.76,"Stoch %K > %D, RSI > Signal"
EL,88.95,2026-06-30,81,-25.14,18.58,18.37,18.47,42.03,40.26,RSI > Signal
MX,8.8,2026-06-30,62,-24.86,26.24,11.67,18.95,51.51,39.91,"Stoch %K > %D, RSI > Signal"
SJM,103.2,2026-06-30,81,-24.8,16.88,16.84,16.86,49.75,47.53,"Stoch %K > %D, RSI > Signal"
ETSY,67.92,2026-06-30,45,-24.29,16.14,15.44,15.79,48.49,45.37,RSI > Signal
ELV,393.19,2026-06-30,81,-23.94,27.0,22.03,24.52,52.58,48.21,"Stoch %K > %D, RSI > Signal"
UNH,380.31,2026-06-30,81,-23.13,25.45,23.83,24.64,50.59,44.77,"Stoch %K > %D, RSI > Signal"
ARCO,8.7,2026-06-30,61,-23.01,32.62,27.83,30.22,53.78,50.34,Stoch %K > %D
TPVG,5.52,2026-06-30,50,-22.58,28.26,26.44,27.35,47.17,47.37,Stoch %K > %D
CHH,108.88,2026-06-30,81,-22.4,25.89,22.33,24.11,51.04,50.52,"Stoch %K > %D, RSI > Signal"
TNC,86.11,2026-06-30,81,-22.28,31.28,32.34,31.81,55.15,51.17,RSI > Signal
HPQ,27.04,2026-06-30,81,-21.74,22.97,21.42,22.19,53.8,49.59,"Stoch %K > %D, RSI > Signal"
NXRT,29.06,2026-06-30,46,-21.39,20.32,17.72,19.02,46.87,46.45,"Stoch %K > %D, RSI > Signal"
CTEV,25.12,2026-06-30,25,-21.1,16.54,16.49,16.52,30.81,30.8,"Stoch %K > %D, RSI > Signal"
DEI,11.64,2026-06-30,79,-20.37,19.88,23.0,21.44,41.07,40.45,RSI > Signal
ATS,30.92,2026-06-30,67,-20.28,28.53,26.25,27.39,53.13,51.24,Stoch %K > %D
UHAL,57.89,2026-06-30,81,-19.77,24.06,25.87,24.96,52.12,49.96,RSI > Signal
CNC,59.6,2026-06-30,81,-19.67,31.02,20.09,25.56,50.73,42.18,RSI > Signal
RVTY,104.55,2026-06-30,81,-19.58,23.77,17.28,20.53,49.5,45.84,"Stoch %K > %D, RSI > Signal"
CLF,13.6,2026-06-30,81,-19.43,35.45,29.34,32.39,49.89,46.73,RSI > Signal
ALK,46.02,2026-06-30,81,-18.34,28.77,33.52,31.14,48.82,48.71,RSI > Signal
CNS,69.8,2026-06-30,81,-16.91,31.97,31.69,31.83,55.14,53.04,"Stoch %K > %D, RSI > Signal"
INVH,29.25,2026-06-30,38,-16.67,25.47,25.1,25.29,52.12,50.64,"Stoch %K > %D, RSI > Signal"
GRND,12.5,2026-06-30,22,-15.79,21.22,17.84,19.53,50.32,56.62,Stoch %K > %D
XRN,36.04,2026-06-30,41,-15.02,38.07,31.2,34.63,50.3,47.71,RSI > Signal
CCI,91.5,2026-06-30,81,-14.57,20.96,20.41,20.69,47.27,46.4,"Stoch %K > %D, RSI > Signal"
SOC,14.65,2026-06-30,21,-14.43,30.94,30.81,30.87,52.76,58.11,Stoch %K > %D
CBT,87.51,2026-06-30,81,-13.62,34.8,30.87,32.83,59.86,54.9,Stoch %K > %D
BEKE,16.6,2026-06-30,24,-13.29,38.97,46.73,42.85,29.11,27.42,RSI > Signal
RYZ,28.6,2026-06-30,48,-13.27,35.49,29.79,32.64,56.57,52.93,RSI > Signal
MPT,5.11,2026-06-30,81,-7.65,28.67,23.79,26.23,43.92,42.28,RSI > Signal
